sucursal,mes,n_creditos,monto_colocado,cosecha_pct,metaliado
Cancún,2026-05,34,3112179.81,84.9,Nacional
Cancún,2026-06,32,3465769.17,78.3,Nacional
Cancún,2026-07,35,3269203.08,74.2,Nacional
Cancún,2026-08,30,2404455.45,92.5,Nacional
Cancún,2026-09,31,2784987.9,100.0,Nacional
Cozumel,2026-05,15,1191381.43,87.8,Nacional
Cozumel,2026-06,18,1442390.49,83.9,Nacional
Cozumel,2026-07,18,1404987.0,80.8,Nacional
Cozumel,2026-08,14,1337710.09,86.1,Nacional
Cozumel,2026-09,13,1179181.77,93.9,Nacional
Fresnillo,2026-05,18,1434535.36,88.2,Nacional
Fresnillo,2026-06,23,1888779.79,93.1,Nacional
Fresnillo,2026-07,16,1661581.86,86.5,Nacional
Fresnillo,2026-08,15,1282012.16,90.8,Nacional
Fresnillo,2026-09,16,1278488.01,100.0,Nacional
Guadalajara,2026-05,20,1805360.88,89.2,Nacional
Guadalajara,2026-06,10,1409375.9,88.2,Nacional
Guadalajara,2026-07,11,1122183.46,94.6,Nacional
Guadalajara,2026-08,17,1332802.63,95.9,Nacional
Guadalajara,2026-09,14,1285273.26,93.9,Nacional
Irapuato,2026-05,23,1716713.95,90.1,Nacional
Irapuato,2026-06,27,2434757.23,94.7,Nacional
Irapuato,2026-07,41,3710053.19,83.1,Nacional
Irapuato,2026-08,24,2786030.35,90.1,Nacional
Irapuato,2026-09,15,1551037.8,99.6,Nacional
Morelia,2026-05,21,1827412.87,78.6,Nacional
Morelia,2026-06,9,743132.54,81.0,Nacional
Morelia,2026-07,25,2182398.63,78.9,Nacional
Morelia,2026-08,27,2405798.23,87.1,Nacional
Morelia,2026-09,29,2279535.05,99.8,Nacional
Motul,2026-05,20,1362424.97,93.6,Nacional
Motul,2026-06,26,1837856.79,78.6,Nacional
Motul,2026-07,35,2324305.79,85.1,Nacional
Motul,2026-08,23,1821613.7,90.2,Nacional
Motul,2026-09,23,1482646.9,100.0,Nacional
Mérida,2026-05,12,868423.25,69.5,Nacional
Mérida,2026-06,10,687700.69,59.6,Nacional
Mérida,2026-07,11,729169.05,63.6,Nacional
Mérida,2026-08,9,570437.22,74.8,Nacional
Mérida,2026-09,7,470490.78,100.0,Nacional
Pachuca,2026-05,8,672371.19,86.0,Nacional
Pachuca,2026-06,13,1302280.05,81.4,Nacional
Pachuca,2026-07,16,1003886.82,79.5,Nacional
Pachuca,2026-08,13,942353.48,91.7,Nacional
Pachuca,2026-09,6,435614.84,100.0,Nacional
Playa del Carmen,2026-05,13,1112814.18,82.0,Nacional
Playa del Carmen,2026-06,13,1107379.95,76.5,Nacional
Playa del Carmen,2026-07,18,1465260.36,76.0,Nacional
Playa del Carmen,2026-08,12,1200662.79,85.0,Nacional
Playa del Carmen,2026-09,13,993497.76,95.3,Nacional
Salamanca,2026-05,46,6113984.23,84.3,Nacional
Salamanca,2026-06,39,5730983.29,82.2,Nacional
Salamanca,2026-07,47,6084053.82,81.2,Nacional
Salamanca,2026-08,53,6892247.32,90.7,Nacional
Salamanca,2026-09,47,5688412.13,99.9,Nacional
San Juan del Río,2026-05,15,1348805.13,99.6,Nacional
San Juan del Río,2026-06,17,1533628.69,92.7,Nacional
San Juan del Río,2026-07,18,1400395.41,91.3,Nacional
San Juan del Río,2026-08,16,1228667.75,96.2,Nacional
San Juan del Río,2026-09,17,1357712.52,100.0,Nacional
Tequisquiapan,2026-05,10,685515.18,90.4,Nacional
Tequisquiapan,2026-06,9,1001042.66,99.6,Nacional
Tequisquiapan,2026-07,12,1253297.82,90.7,Nacional
Tequisquiapan,2026-08,10,564815.23,100.0,Nacional
Tequisquiapan,2026-09,12,901341.97,100.0,Nacional
Valladolid,2026-05,22,1440551.66,77.5,Nacional
Valladolid,2026-06,17,1140264.53,88.3,Nacional
Valladolid,2026-07,11,755661.22,91.5,Nacional
Valladolid,2026-08,16,894909.34,92.2,Nacional
Valladolid,2026-09,16,1054886.71,99.7,Nacional
Valle de Toluca,2026-05,27,1618243.18,91.3,Nacional
Valle de Toluca,2026-06,33,2236972.75,90.0,Nacional
Valle de Toluca,2026-07,33,2103991.77,84.8,Nacional
Valle de Toluca,2026-08,35,2281603.39,85.5,Nacional
Valle de Toluca,2026-09,22,1341346.44,99.9,Nacional
Zinacantepec,2026-05,19,1522291.67,83.6,Nacional
Zinacantepec,2026-06,13,1460340.91,88.1,Nacional
Zinacantepec,2026-07,24,1956643.13,93.9,Nacional
Zinacantepec,2026-08,20,2178328.26,97.1,Nacional
Zinacantepec,2026-09,18,1703447.52,100.0,Nacional
TOTAL,2026-05,323,27833008.94,85.9,Nacional
TOTAL,2026-06,309,29422655.43,85.1,Nacional
TOTAL,2026-07,371,32427072.41,82.9,Nacional
TOTAL,2026-08,334,30124447.39,90.5,Nacional
TOTAL,2026-09,299,25787901.36,99.1,Nacional
Guadalajara,2026-05,20,1805360.88,89.2,Adan
Guadalajara,2026-06,10,1409375.9,88.2,Adan
Guadalajara,2026-07,11,1122183.46,94.6,Adan
Guadalajara,2026-08,17,1332802.63,95.9,Adan
Guadalajara,2026-09,14,1285273.26,93.9,Adan
Motul,2026-05,20,1362424.97,93.6,Adan
Motul,2026-06,26,1837856.79,78.6,Adan
Motul,2026-07,35,2324305.79,85.1,Adan
Motul,2026-08,23,1821613.7,90.2,Adan
Motul,2026-09,23,1482646.9,100.0,Adan
Mérida,2026-05,12,868423.25,69.5,Adan
Mérida,2026-06,10,687700.69,59.6,Adan
Mérida,2026-07,11,729169.05,63.6,Adan
Mérida,2026-08,9,570437.22,74.8,Adan
Mérida,2026-09,7,470490.78,100.0,Adan
San Juan del Río,2026-05,15,1348805.13,99.6,Adan
San Juan del Río,2026-06,17,1533628.69,92.7,Adan
San Juan del Río,2026-07,18,1400395.41,91.3,Adan
San Juan del Río,2026-08,16,1228667.75,96.2,Adan
San Juan del Río,2026-09,17,1357712.52,100.0,Adan
Tequisquiapan,2026-05,10,685515.18,90.4,Adan
Tequisquiapan,2026-06,9,1001042.66,99.6,Adan
Tequisquiapan,2026-07,12,1253297.82,90.7,Adan
Tequisquiapan,2026-08,10,564815.23,100.0,Adan
Tequisquiapan,2026-09,12,901341.97,100.0,Adan
TOTAL,2026-05,77,6070529.41,89.8,Adan
TOTAL,2026-06,72,6469604.73,85.3,Adan
TOTAL,2026-07,87,6829351.53,86.7,Adan
TOTAL,2026-08,75,5518336.53,92.3,Adan
TOTAL,2026-09,73,5497465.43,98.6,Adan
Cancún,2026-05,34,3112179.81,84.9,Jessy
Cancún,2026-06,32,3465769.17,78.3,Jessy
Cancún,2026-07,35,3269203.08,74.2,Jessy
Cancún,2026-08,30,2404455.45,92.5,Jessy
Cancún,2026-09,31,2784987.9,100.0,Jessy
Cozumel,2026-05,15,1191381.43,87.8,Jessy
Cozumel,2026-06,18,1442390.49,83.9,Jessy
Cozumel,2026-07,18,1404987.0,80.8,Jessy
Cozumel,2026-08,14,1337710.09,86.1,Jessy
Cozumel,2026-09,13,1179181.77,93.9,Jessy
Playa del Carmen,2026-05,13,1112814.18,82.0,Jessy
Playa del Carmen,2026-06,13,1107379.95,76.5,Jessy
Playa del Carmen,2026-07,18,1465260.36,76.0,Jessy
Playa del Carmen,2026-08,12,1200662.79,85.0,Jessy
Playa del Carmen,2026-09,13,993497.76,95.3,Jessy
Valladolid,2026-05,22,1440551.66,77.5,Jessy
Valladolid,2026-06,17,1140264.53,88.3,Jessy
Valladolid,2026-07,11,755661.22,91.5,Jessy
Valladolid,2026-08,16,894909.34,92.2,Jessy
Valladolid,2026-09,16,1054886.71,99.7,Jessy
TOTAL,2026-05,84,6856927.08,83.4,Jessy
TOTAL,2026-06,80,7155804.14,80.8,Jessy
TOTAL,2026-07,82,6895111.66,77.9,Jessy
TOTAL,2026-08,72,5837737.67,89.5,Jessy
TOTAL,2026-09,73,6012554.14,98.0,Jessy
Fresnillo,2026-05,18,1434535.36,88.2,Jessica
Fresnillo,2026-06,23,1888779.79,93.1,Jessica
Fresnillo,2026-07,16,1661581.86,86.5,Jessica
Fresnillo,2026-08,15,1282012.16,90.8,Jessica
Fresnillo,2026-09,16,1278488.01,100.0,Jessica
Irapuato,2026-05,23,1716713.95,90.1,Jessica
Irapuato,2026-06,27,2434757.23,94.7,Jessica
Irapuato,2026-07,41,3710053.19,83.1,Jessica
Irapuato,2026-08,24,2786030.35,90.1,Jessica
Irapuato,2026-09,15,1551037.8,99.6,Jessica
Morelia,2026-05,21,1827412.87,78.6,Jessica
Morelia,2026-06,9,743132.54,81.0,Jessica
Morelia,2026-07,25,2182398.63,78.9,Jessica
Morelia,2026-08,27,2405798.23,87.1,Jessica
Morelia,2026-09,29,2279535.05,99.8,Jessica
Salamanca,2026-05,46,6113984.23,84.3,Jessica
Salamanca,2026-06,39,5730983.29,82.2,Jessica
Salamanca,2026-07,47,6084053.82,81.2,Jessica
Salamanca,2026-08,53,6892247.32,90.7,Jessica
Salamanca,2026-09,47,5688412.13,99.9,Jessica
TOTAL,2026-05,108,11092646.41,84.7,Jessica
TOTAL,2026-06,98,10797652.85,86.8,Jessica
TOTAL,2026-07,129,13638087.5,82.0,Jessica
TOTAL,2026-08,119,13366088.06,89.9,Jessica
TOTAL,2026-09,107,10797472.99,99.8,Jessica
Pachuca,2026-05,8,672371.19,86.0,Marisol
Pachuca,2026-06,13,1302280.05,81.4,Marisol
Pachuca,2026-07,16,1003886.82,79.5,Marisol
Pachuca,2026-08,13,942353.48,91.7,Marisol
Pachuca,2026-09,6,435614.84,100.0,Marisol
Valle de Toluca,2026-05,27,1618243.18,91.3,Marisol
Valle de Toluca,2026-06,33,2236972.75,90.0,Marisol
Valle de Toluca,2026-07,33,2103991.77,84.8,Marisol
Valle de Toluca,2026-08,35,2281603.39,85.5,Marisol
Valle de Toluca,2026-09,22,1341346.44,99.9,Marisol
Zinacantepec,2026-05,19,1522291.67,83.6,Marisol
Zinacantepec,2026-06,13,1460340.91,88.1,Marisol
Zinacantepec,2026-07,24,1956643.13,93.9,Marisol
Zinacantepec,2026-08,20,2178328.26,97.1,Marisol
Zinacantepec,2026-09,18,1703447.52,100.0,Marisol
TOTAL,2026-05,54,3812906.04,87.3,Marisol
TOTAL,2026-06,59,4999593.71,87.2,Marisol
TOTAL,2026-07,73,5064521.72,87.3,Marisol
TOTAL,2026-08,68,5402285.13,91.3,Marisol
TOTAL,2026-09,46,3480408.8,99.9,Marisol
